{
  "headers": [
    "cgame/cg_local.h",
    "cgame/cg_public.h",
    "cgame/tr_types.h",
    "cgame/cg_superhud.h",
    "cgame/cg_superhud_private.h",
    "cgame/cg_cherryhud.h",
    "cgame/cg_cherryhud_private.h",
    "qcommon/q_shared.h",
    "game/bg_public.h"
  ],
  "core": [
    "cgame/cg_main.c",
    "cgame/cg_draw.c",
    "cgame/cg_drawtools.c",
    "cgame/cg_view.c",
    "cgame/cg_snapshot.c",
    "cgame/cg_players.c",
    "cgame/cg_weapons.c",
    "cgame/cg_ents.c",
    "cgame/cg_effects.c",
    "cgame/cg_marks.c",
    "cgame/cg_event.c",
    "cgame/cg_predict.c",
    "cgame/cg_scoreboard.c",
    "cgame/cg_servercmds.c",
    "cgame/cg_consolecmds.c"
  ],
  "superhud": [
    "cgame/cg_superhud.c",
    "cgame/cg_superhud_private.c",
    "cgame/cg_superhud_util.c",
    "cgame/cg_superhud_configparser.c"
  ],
  "superhud_elements": [
    "cgame/cg_superhud_element_ammomessage.c",
    "cgame/cg_superhud_element_attacker_icon.c",
    "cgame/cg_superhud_element_attacker_name.c",
    "cgame/cg_superhud_element_chat.c",
    "cgame/cg_superhud_element_flagstatus.c",
    "cgame/cg_superhud_element_followmessage.c",
    "cgame/cg_superhud_element_fps.c",
    "cgame/cg_superhud_element_fragmessage.c",
    "cgame/cg_superhud_element_gametime.c",
    "cgame/cg_superhud_element_gametype.c",
    "cgame/cg_superhud_element_grid.c",
    "cgame/cg_superhud_element_itempickup.c",
    "cgame/cg_superhud_element_itempickupicon.c",
    "cgame/cg_superhud_element_localtime.c",
    "cgame/cg_superhud_element_location.c",
    "cgame/cg_superhud_element_name.c",
    "cgame/cg_superhud_element_ng.c",
    "cgame/cg_superhud_element_ngp.c",
    "cgame/cg_superhud_element_obituaries.c",
    "cgame/cg_superhud_element_player_name.c",
    "cgame/cg_superhud_element_player_stats.c",
    "cgame/cg_superhud_element_powerup.c",
    "cgame/cg_superhud_element_pred.c",
    "cgame/cg_superhud_element_rankmessage.c",
    "cgame/cg_superhud_element_reward.c",
    "cgame/cg_superhud_element_sbab.c",
    "cgame/cg_superhud_element_sbac.c",
    "cgame/cg_superhud_element_sbai.c",
    "cgame/cg_superhud_element_sbamb.c",
    "cgame/cg_superhud_element_sbamc.c",
    "cgame/cg_superhud_element_sbami.c",
    "cgame/cg_superhud_element_sbhb.c",
    "cgame/cg_superhud_element_sbhc.c",
    "cgame/cg_superhud_element_sbhi.c",
    "cgame/cg_superhud_element_score.c",
    "cgame/cg_superhud_element_specmessage.c",
    "cgame/cg_superhud_element_spectators.c",
    "cgame/cg_superhud_element_speed.c",
    "cgame/cg_superhud_element_target_name.c",
    "cgame/cg_superhud_element_target_status.c",
    "cgame/cg_superhud_element_team.c",
    "cgame/cg_superhud_element_teamcount.c",
    "cgame/cg_superhud_element_tempAcc.c",
    "cgame/cg_superhud_element_vmw.c",
    "cgame/cg_superhud_element_warmupinfo.c",
    "cgame/cg_superhud_element_weapon_stats.c",
    "cgame/cg_superhud_element_weaponlist.c"
  ],
  "osp": [
    "cgame/cg_ospconfig.c",
    "cgame/cg_osphud.c",
    "cgame/cg_osputil.c"
  ],
  "be": [
    "cgame/cg_be_stats.c",
    "cgame/cg_be_util.c",
    "cgame/cg_bescoreboard.c"
  ],
  "cherryhud": [
    "cgame/cg_cherryhud.c",
    "cgame/cg_cherryhud_private.c",
    "cgame/cg_cherryhud_util.c",
    "cgame/cg_cherryhud_element_decor.c",
    "cgame/cg_cherryhud_elements.c",
    "cgame/cg_cherryhud_layout.c",
    "cgame/cg_cherryhud_lexer_commands.c",
    "cgame/cg_cherryhud_lexer_parser.c",
    "cgame/cg_cherryhud_lexer.c",
    "cgame/cg_cherryhud_tablebuilder.c"
  ],
  "other": [
    "cgame/cg_chatfilter.c",
    "cgame/cg_crosshair.c",
    "cgame/cg_customloc.c",
    "cgame/cg_cvardescriptions.c",
    "cgame/cg_info.c",
    "cgame/cg_localents.c",
    "cgame/cg_localevents.c",
    "cgame/cg_playerscolors.c",
    "cgame/cg_playerstate.c",
    "cgame/cg_syscalls.c",
    "cgame/cg_unlagged.c"
  ]
}

